股票代码,股票简称,板块,行业,公告日,数据来源,报告期,增速能力,增速口径,上期增速,加速度,连续断层期数,单季净利(元),缺口日,跳空幅度%,当日涨幅%,缺口未回补,持有交易日,缺口后涨幅%,成交额(元),流通市值(亿元),低基数,评分,分层,标签,风险,业绩说明
300378,鼎捷数智,创业板,软件开发,2026-08-28,正式财报,2026年半年报,268.2,单季同比,3.58,264.62,1,196469474.68,2026-08-28,13.94,19.99,True,23,5.85,518327564.0,101.4,False,96.8,核心池·双断层,增速加速|单季口径|正式财报|跳空高开|缺口未回补|核心池,接近一字板，恐难买入,
603618,杭电股份,主板,电网设备,2026-08-26,正式财报,2026年半年报,1786.11,单季同比,279.96,1506.15,2,311917902.49,2026-08-26,6.82,9.99,True,25,5.65,2521501080.0,226.4,False,95.2,核心池·双断层,增速加速|单季口径|正式财报|跳空高开|缺口未回补|核心池,增速极端（>500%），注意低基数,
002491,通鼎互联,主板,通信设备,2026-08-20,正式财报,2026年半年报,326.04,累计同比,-61.05,387.09,0,151263896.51999998,2026-08-21,4.1,10.02,True,28,-0.1,7263185994.0,235.8,False,89.1,核心池·双断层,增速加速|正式财报|跳空高开|缺口未回补|核心池,,
688203,海正生材,科创板,塑料,2026-08-25,正式财报,2026年半年报,574.21,单季同比,348.06,226.15,3,19876119.89,2026-08-25,11.89,13.29,True,26,48.05,189900426.0,38.4,True,81.8,观察池·低基数断层,增速加速|单季口径|正式财报|低基数|跳空高开|缺口未回补|双断层(价格已确认)|观察池,低基数：上年同期单季净利仅 295 万元，增速参考性弱|增速极端（>500%），注意低基数|接近一字板，恐难买入,
600540,新赛股份,主板,种植业,2026-08-27,正式财报,2026年半年报,1819.68,累计同比,129.89,1689.79,1,83290679.09,2026-08-27,10.07,10.07,True,24,20.26,40677246.0,32.1,True,78.8,观察池·低基数断层,增速加速|正式财报|低基数|跳空高开|缺口未回补|双断层(价格已确认)|观察池,低基数：上年同期亏损或微利，累计增速失真|增速极端（>500%），注意低基数|接近一字板，恐难买入,
301630,同宇新材,创业板,电子化学品Ⅱ,2026-08-26,正式财报,2026年半年报,123.33,单季同比,35.88,87.45,2,73910092.36000001,2026-08-26,19.74,20.0,True,25,-2.46,873589282.0,40.2,False,74.0,核心池·双断层,增速加速|单季口径|正式财报|跳空高开|缺口未回补|核心池,接近一字板，恐难买入,
600508,上海能源,主板,煤炭开采,2026-08-22,正式财报,2026年半年报,107.85,单季同比,-29.28,137.13,1,209511529.87,2026-08-25,6.98,10.02,True,26,0.09,423240487.0,107.0,False,73.0,核心池·双断层,增速加速|单季口径|正式财报|跳空高开|缺口未回补|核心池,,
300757,罗博特科,创业板,自动化设备,2026-08-26,正式财报,2026年半年报,119.67,累计同比,-48.33,168.0,0,45374796.78,2026-08-26,4.65,7.47,True,25,3.59,4620670917.0,867.3,False,72.3,核心池·双断层,增速加速|正式财报|跳空高开|缺口未回补|核心池,,
300399,天利科技,创业板,IT服务Ⅱ,2026-08-21,正式财报,2026年半年报,60.9,累计同比,-84.34,145.24,0,11036034.94,2026-08-21,8.09,10.51,True,28,4.48,374821178.0,37.8,False,70.9,核心池·双断层,增速加速|正式财报|跳空高开|缺口未回补|核心池,,
300642,透景生命,创业板,医疗器械,2026-08-25,正式财报,2026年半年报,644.77,单季同比,-1278.9,1923.67,1,17037292.58,2026-08-25,5.93,20.0,True,26,45.73,178732721.0,28.7,True,69.8,观察池·低基数断层,增速加速|单季口径|正式财报|低基数|跳空高开|缺口未回补|双断层(价格已确认)|观察池,低基数：上年同期单季净利仅 229 万元，增速参考性弱|增速极端（>500%），注意低基数|流通市值 < 30 亿元,
000065,北方国际,主板,专业工程,2026-08-24,正式财报,2026年半年报,63.3,单季同比,-37.54,100.84,1,215626555.0,2026-08-24,10.03,10.03,True,27,-2.51,825797033.0,103.6,False,69.8,核心池·双断层,增速加速|单季口径|正式财报|跳空高开|缺口未回补|核心池,接近一字板，恐难买入,
300611,美力科技,创业板,汽车零部件,2026-08-29,正式财报,2026年半年报,113.64,单季同比,-49.04,162.68,1,99151943.26,2026-08-31,5.95,2.89,True,22,3.72,216957235.0,40.5,False,68.9,核心池·双断层,增速加速|单季口径|正式财报|跳空高开|缺口未回补|核心池,,
300833,浩洋股份,创业板,专用设备,2026-08-28,正式财报,2026年半年报,99.21,单季同比,-21.94,121.15,1,48786763.089999996,2026-08-28,9.32,7.79,True,23,8.5,134779197.0,35.4,False,68.8,核心池·双断层,增速加速|单季口径|正式财报|跳空高开|缺口未回补|核心池,接近一字板，恐难买入,
605169,洪通燃气,主板,燃气Ⅱ,2026-08-26,正式财报,2026年半年报,87.82,单季同比,-80.53,168.35,1,94568520.41999999,2026-08-26,8.16,10.02,True,25,8.28,77086801.0,37.4,False,68.5,核心池·双断层,增速加速|单季口径|正式财报|跳空高开|缺口未回补|核心池,,
300195,长荣股份,创业板,专用设备,2026-08-27,正式财报,2026年半年报,4780.89,单季同比,-823.92,5604.81,1,21479763.169999998,2026-08-27,5.11,4.58,True,24,5.03,201623641.0,19.7,True,68.4,观察池·低基数断层,增速加速|单季口径|正式财报|低基数|跳空高开|缺口未回补|双断层(价格已确认)|观察池,低基数：上年同期单季净利仅 44 万元，增速参考性弱|增速极端（>500%），注意低基数|流通市值 < 30 亿元,
601222,林洋能源,主板,电网设备,2026-08-28,正式财报,2026年半年报,82.9,单季同比,-51.29,134.19,1,366456793.52,2026-08-28,5.23,9.93,True,23,1.89,593354039.0,121.2,False,67.8,核心池·双断层,增速加速|单季口径|正式财报|跳空高开|缺口未回补|核心池,,
300910,瑞丰新材,创业板,化学制品,2026-08-26,正式财报,2026年半年报,56.86,单季同比,-28.22,85.08,1,274924464.73,2026-08-26,9.53,7.44,True,25,0.76,556823335.0,75.2,False,67.0,核心池·双断层,增速加速|单季口径|正式财报|跳空高开|缺口未回补|核心池,接近一字板，恐难买入,
300516,久之洋,创业板,其他电子Ⅱ,2026-08-28,正式财报,2026年半年报,88.4,单季同比,-156.01,244.41,1,28896202.5,2026-08-28,3.14,3.2,True,23,3.41,352829302.0,85.7,False,62.9,核心池·双断层,增速加速|单季口径|正式财报|跳空高开|缺口未回补|核心池,,
301448,开创电气,创业板,通用设备,2026-08-25,正式财报,2026年半年报,140.8,累计同比,-154.36,295.16,0,7539589.7299999995,2026-08-25,2.64,9.24,True,26,20.24,141964057.0,36.1,False,62.8,核心池·双断层,增速加速|正式财报|跳空高开|缺口未回补|核心池,,
002757,南兴股份,主板,专用设备,2026-08-29,正式财报,2026年半年报,114.03,单季同比,0.53,113.5,1,35530146.42,2026-08-31,2.58,10.01,True,22,13.07,479440295.0,52.4,False,61.9,核心池·双断层,增速加速|单季口径|正式财报|跳空高开|缺口未回补|核心池,,
300013,新宁物流,创业板,物流,2026-08-26,正式财报,2026年半年报,1942.87,累计同比,2.58,1940.29,0,10658979.66,2026-08-26,2.2,4.89,True,25,0.0,180228929.0,23.3,True,61.5,观察池·低基数断层,增速加速|正式财报|低基数|跳空高开|缺口未回补|双断层(价格已确认)|观察池,低基数：上年同期亏损或微利，累计增速失真|增速极端（>500%），注意低基数|流通市值 < 30 亿元,
300690,双一科技,创业板,风电设备,2026-08-25,正式财报,2026年半年报,62.33,单季同比,-29.81,92.14,1,112977098.87,2026-08-25,10.64,14.57,True,26,17.82,398370539.0,29.7,False,61.5,核心池·双断层,增速加速|单季口径|正式财报|跳空高开|缺口未回补|核心池,接近一字板，恐难买入|流通市值 < 30 亿元,
301151,冠龙节能,创业板,通用设备,2026-08-29,正式财报,2026年半年报,88.83,单季同比,-179.06,267.89,1,19761182.35,2026-08-31,4.11,20.02,True,22,16.29,169487559.0,35.3,False,61.4,核心池·双断层,增速加速|单季口径|正式财报|跳空高开|缺口未回补|核心池,,
002703,浙江世宝,主板,汽车零部件,2026-08-24,正式财报,2026年半年报,39.62,单季同比,-14.09,53.71,1,61849644.970000006,2026-08-24,9.82,5.71,True,27,4.4,958424800.0,91.7,False,61.1,核心池·双断层,增速加速|单季口径|正式财报|跳空高开|缺口未回补|核心池,接近一字板，恐难买入,
002084,海鸥住工,主板,家居用品,2026-08-25,正式财报,2026年半年报,-53.43,累计同比,-271.01,217.58,0,-17451880.910000004,2026-08-25,10.13,10.13,True,26,31.95,11115020.0,37.0,False,60.2,核心池·双断层,增速加速|正式财报|跳空高开|缺口未回补|核心池,接近一字板，恐难买入,
002209,达意隆,主板,专用设备,2026-08-21,正式财报,2026年半年报,64.71,单季同比,-38.41,103.12,1,101088485.87,2026-08-21,10.03,10.03,True,28,0.15,206290574.0,20.8,False,59.3,核心池·双断层,增速加速|单季口径|正式财报|跳空高开|缺口未回补|核心池,接近一字板，恐难买入|流通市值 < 30 亿元,
000997,新大陆,主板,计算机设备,2026-08-26,正式财报,2026年半年报,43.72,单季同比,-9.63,53.35,1,408570592.04999995,2026-08-26,8.03,9.99,True,25,-4.87,1852710333.0,194.7,False,59.3,核心池·双断层,增速加速|单季口径|正式财报|跳空高开|缺口未回补|核心池,,
605277,新亚电子,主板,消费电子,2026-08-26,正式财报,2026年半年报,62.72,单季同比,-5.91,68.63,1,84448445.42,2026-08-26,9.76,10.02,True,25,0.48,175989461.0,64.6,False,58.9,核心池·双断层,增速加速|单季口径|正式财报|跳空高开|缺口未回补|核心池,接近一字板，恐难买入,
688569,铁科轨道,科创板,轨交设备Ⅱ,2026-08-19,正式财报,2026年半年报,56.46,单季同比,-17.7,74.16,1,70714639.75,2026-08-19,9.26,13.28,True,30,-2.63,168085899.0,39.0,False,58.9,核心池·双断层,增速加速|单季口径|正式财报|跳空高开|缺口未回补|核心池,接近一字板，恐难买入,
001232,嘉立创,主板,元件,2026-08-27,正式财报,2026年半年报,89.22,单季同比,51.71,37.51,2,653857897.75,2026-08-27,6.48,10.0,True,24,17.78,1378644404.0,81.7,False,58.3,核心池·双断层,增速加速|单季口径|正式财报|跳空高开|缺口未回补|核心池,,
002418,康盛股份,主板,家电零部件Ⅱ,2026-08-26,正式财报,2026年半年报,-7.0,累计同比,-61.47,54.47,0,3492566.92,2026-08-26,10.12,10.12,True,25,-2.02,529807968.0,49.7,False,57.3,核心池·双断层,增速加速|正式财报|跳空高开|缺口未回补|核心池,接近一字板，恐难买入,
603596,伯特利,主板,汽车零部件,2026-08-28,正式财报,2026年半年报,47.97,单季同比,-0.64,48.61,1,372841016.5199999,2026-08-28,6.99,8.11,True,23,1.55,1260019329.0,252.6,False,56.8,核心池·双断层,增速加速|单季口径|正式财报|跳空高开|缺口未回补|核心池,,
000581,威孚高科,主板,汽车零部件,2026-08-26,正式财报,2026年半年报,32.99,单季同比,5.62,27.37,1,462082244.01000005,2026-08-26,8.81,4.63,True,25,-4.31,671287798.0,144.6,False,56.5,核心池·双断层,增速加速|单季口径|正式财报|跳空高开|缺口未回补|核心池,,
688561,奇安信,科创板,软件开发,2026-08-28,正式财报,2026年半年报,46.58,累计同比,7.08,39.5,0,-23175060.149999976,2026-08-28,6.8,7.32,True,23,10.74,643033772.0,204.0,False,55.0,核心池·双断层,增速加速|正式财报|跳空高开|缺口未回补|核心池,,
300570,太辰光,创业板,通信设备,2026-08-15,正式财报,2026年半年报,17.61,单季同比,-17.12,34.73,0,110535770.41999999,2026-08-17,8.17,20.0,True,32,21.56,4508005583.0,408.1,False,54.5,核心池·双断层,增速加速|单季口径|正式财报|跳空高开|缺口未回补|核心池,,
000576,甘化科工,主板,地面兵装Ⅱ,2026-08-27,正式财报,2026年半年报,27.04,单季同比,-73.48,100.52,1,33674082.21,2026-08-27,5.36,10.04,True,24,8.36,268783460.0,36.0,False,53.4,核心池·双断层,增速加速|单季口径|正式财报|跳空高开|缺口未回补|核心池,,
601886,江河集团,主板,装修装饰Ⅱ,2026-08-12,正式财报,2026年半年报,56.83,单季同比,5.75,51.08,1,287826653.61,2026-08-12,6.72,9.97,True,35,28.71,295032499.0,148.3,False,53.3,核心池·双断层,增速加速|单季口径|正式财报|跳空高开|缺口未回补|核心池,,
688617,惠泰医疗,科创板,医疗器械,2026-08-20,正式财报,2026年半年报,27.22,单季同比,25.27,1.95,3,307880382.68999994,2026-08-20,9.99,16.51,True,29,-1.22,1277040627.0,351.3,False,53.0,跟踪·仅价格缺口,单季口径|正式财报|跳空高开|缺口未回补|跟踪,接近一字板，恐难买入,
688112,鼎阳科技,科创板,通用设备,2026-08-18,正式财报,2026年半年报,47.71,单季同比,-5.77,53.48,1,53448413.84,2026-08-18,6.46,20.0,True,31,58.19,331862557.0,156.4,False,52.9,核心池·双断层,增速加速|单季口径|正式财报|跳空高开|缺口未回补|核心池,,
600035,楚天高速,主板,铁路公路,2026-08-27,正式财报,2026年半年报,57.12,单季同比,-13.53,70.65,1,198202594.95,2026-08-27,4.93,5.22,True,24,3.31,267009424.0,60.2,False,51.4,核心池·双断层,增速加速|单季口径|正式财报|跳空高开|缺口未回补|核心池,,
002322,理工能科,主板,软件开发,2026-08-13,正式财报,2026年半年报,25.73,单季同比,-28.84,54.57,1,97327198.22999999,2026-08-13,10.02,10.02,True,34,0.0,63711374.0,41.7,False,51.1,核心池·双断层,增速加速|单季口径|正式财报|跳空高开|缺口未回补|核心池,接近一字板，恐难买入,
002999,天禾股份,主板,农化制品,2026-08-25,正式财报,2026年半年报,152.39,单季同比,-40.89,193.28,1,22115413.97,2026-08-25,4.21,5.56,True,26,2.75,144044271.0,21.9,True,50.5,观察池·低基数断层,增速加速|单季口径|正式财报|低基数|跳空高开|缺口未回补|双断层(价格已确认)|观察池,低基数：上年同期单季净利仅 876 万元，增速参考性弱|流通市值 < 30 亿元,
603259,药明康德,主板,医疗服务,2026-08-04,正式财报,2026年半年报,31.49,单季同比,26.68,4.81,6,6428655673.66,2026-08-04,7.0,10.0,True,41,21.71,10502734978.0,4138.8,False,49.3,跟踪·仅价格缺口,单季口径|正式财报|跳空高开|缺口未回补|跟踪,,
600479,千金药业,主板,中药Ⅱ,2026-08-26,正式财报,2026年半年报,41.94,单季同比,41.1,0.84,3,105842619.98999998,2026-08-26,9.58,9.98,True,25,12.93,245578988.0,51.9,False,49.2,跟踪·仅价格缺口,单季口径|正式财报|跳空高开|缺口未回补|跟踪,接近一字板，恐难买入,
300850,新强联,创业板,风电设备,2026-08-29,正式财报,2026年半年报,14.23,单季同比,-12.25,26.48,0,261747952.98999998,2026-08-31,5.65,14.05,True,22,22.3,1084705141.0,102.8,False,47.5,核心池·双断层,增速加速|单季口径|正式财报|跳空高开|缺口未回补|核心池,,
002034,旺能环境,主板,环境治理,2026-08-26,正式财报,2026年半年报,17.25,单季同比,0.25,17.0,0,212220097.42999998,2026-08-26,7.9,4.9,True,25,-4.61,292252882.0,72.4,False,47.4,跟踪·仅价格缺口,单季口径|正式财报|跳空高开|缺口未回补|跟踪,,
000526,学大教育,主板,教育,2026-08-18,正式财报,2026年半年报,34.61,单季同比,22.9,11.71,2,209867572.98,2026-08-18,10.0,10.0,True,31,0.79,113823958.0,43.5,False,47.3,跟踪·仅价格缺口,单季口径|正式财报|跳空高开|缺口未回补|跟踪,接近一字板，恐难买入,
601177,杭齿前进,主板,通用设备,2026-08-21,正式财报,2026年半年报,30.13,单季同比,16.99,13.14,1,95984868.6,2026-08-21,9.46,10.02,True,28,-0.22,128693980.0,55.7,False,47.3,跟踪·仅价格缺口,单季口径|正式财报|跳空高开|缺口未回补|跟踪,接近一字板，恐难买入,
600780,通宝能源,主板,电力,2026-08-29,正式财报,2026年半年报,50.61,单季同比,2.19,48.42,1,219616711.82,2026-08-31,4.37,4.37,True,22,-1.29,266035171.0,70.3,False,46.5,核心池·双断层,增速加速|单季口径|正式财报|跳空高开|缺口未回补|核心池,,
002098,浔兴股份,主板,纺织制造,2026-08-29,正式财报,2026年半年报,26.49,单季同比,-41.98,68.47,1,92223202.49,2026-08-31,7.42,9.99,True,22,3.14,86425158.0,29.4,False,45.0,核心池·双断层,增速加速|单季口径|正式财报|跳空高开|缺口未回补|核心池,流通市值 < 30 亿元,
688152,麒麟信安,科创板,软件开发,2026-08-27,正式财报,2026年半年报,88.03,单季同比,36.94,51.09,1,6199814.59,2026-08-28,6.85,20.0,True,23,20.14,266716620.0,41.5,True,44.2,观察池·低基数断层,增速加速|单季口径|正式财报|低基数|跳空高开|缺口未回补|双断层(价格已确认)|观察池,低基数：上年同期单季净利仅 330 万元，增速参考性弱,
600583,海油工程,主板,油服工程,2026-08-18,正式财报,2026年半年报,17.11,单季同比,-18.94,36.05,0,652891000.0,2026-08-18,3.39,7.31,True,31,14.14,804189974.0,292.7,False,44.1,核心池·双断层,增速加速|单季口径|正式财报|跳空高开|缺口未回补|核心池,,
600206,有研新材,主板,半导体,2026-08-05,正式财报,2026年半年报,51.51,单季同比,31.0,20.51,2,95062597.36,2026-08-06,2.49,10.0,True,39,14.26,4413325530.0,394.7,False,43.4,核心池·双断层,增速加速|单季口径|正式财报|跳空高开|缺口未回补|核心池,,
601330,绿色动力,主板,环境治理,2026-08-29,正式财报,2026年半年报,34.22,单季同比,11.66,22.56,1,258059875.94000003,2026-08-31,5.35,10.0,True,22,8.82,214854259.0,80.5,False,42.6,核心池·双断层,增速加速|单季口径|正式财报|跳空高开|缺口未回补|核心池,,
301059,金三江,创业板,化学制品,2026-08-25,正式财报,2026年半年报,41.1,单季同比,47.06,-5.96,5,21741393.63,2026-08-25,9.56,8.14,True,26,3.8,139598167.0,26.5,False,41.9,跟踪·仅价格缺口,单季口径|正式财报|跳空高开|缺口未回补|跟踪,接近一字板，恐难买入|流通市值 < 30 亿元,
301598,博科测试,创业板,专用设备,2026-08-24,正式财报,2026年半年报,27.16,单季同比,25.42,1.74,2,43036718.370000005,2026-08-24,10.28,17.08,True,27,-3.12,195738071.0,9.1,False,41.9,跟踪·仅价格缺口,单季口径|正式财报|跳空高开|缺口未回补|跟踪,接近一字板，恐难买入|流通市值 < 30 亿元,
603071,物产环能,主板,贸易Ⅱ,2026-08-18,正式财报,2026年半年报,27.97,单季同比,11.73,16.24,1,189008024.95000002,2026-08-18,5.67,10.0,True,31,-1.5,139507729.0,69.7,False,40.4,跟踪·仅价格缺口,单季口径|正式财报|跳空高开|缺口未回补|跟踪,,
688696,极米科技,科创板,黑色家电,2026-08-29,正式财报,2026年半年报,26.49,单季同比,-19.75,46.24,1,32917021.020000003,2026-08-31,3.77,8.86,True,22,17.89,148311549.0,59.4,False,40.2,核心池·双断层,增速加速|单季口径|正式财报|跳空高开|缺口未回补|核心池,,
603583,捷昌驱动,主板,自动化设备,2026-08-27,正式财报,2026年半年报,12.77,单季同比,-55.15,67.92,0,178767113.70999998,2026-08-27,2.71,3.34,True,24,12.26,169274025.0,106.0,False,39.7,核心池·双断层,增速加速|单季口径|正式财报|跳空高开|缺口未回补|核心池,,
601975,招商南油,主板,航运港口,2026-08-28,正式财报,2026年半年报,33.13,单季同比,51.73,-18.6,3,380179121.28999996,2026-08-28,2.77,4.53,True,23,10.78,1000179876.0,211.6,False,39.5,跟踪·仅价格缺口,单季口径|正式财报|跳空高开|缺口未回补|跟踪,,
601665,齐鲁银行,主板,银行Ⅱ,2026-08-29,正式财报,2026年半年报,18.13,单季同比,14.01,4.12,0,1609811000.0,2026-08-31,3.19,6.68,True,22,4.85,907724284.0,438.8,False,39.5,跟踪·仅价格缺口,单季口径|正式财报|跳空高开|缺口未回补|跟踪,,
002003,伟星股份,主板,纺织制造,2026-08-27,正式财报,2026年半年报,18.96,单季同比,-7.23,26.19,0,320059452.01,2026-08-27,2.28,6.93,True,24,0.8,439396894.0,117.1,False,39.2,核心池·双断层,增速加速|单季口径|正式财报|跳空高开|缺口未回补|核心池,,
605118,力鼎光电,主板,计算机设备,2026-08-27,正式财报,2026年半年报,47.45,单季同比,23.86,23.59,2,106325250.32,2026-08-27,3.69,4.61,True,24,10.1,151792771.0,131.5,False,39.1,核心池·双断层,增速加速|单季口径|正式财报|跳空高开|缺口未回补|核心池,,
300817,双飞集团,创业板,通用设备,2026-08-27,正式财报,2026年半年报,47.23,单季同比,28.27,18.96,2,27572765.630000003,2026-08-27,5.91,7.15,True,24,6.44,169810399.0,21.7,False,38.8,跟踪·仅价格缺口,单季口径|正式财报|跳空高开|缺口未回补|跟踪,流通市值 < 30 亿元,
601882,海天精工,主板,通用设备,2026-08-29,正式财报,2026年半年报,24.25,单季同比,12.57,11.68,1,171568318.93,2026-08-31,4.67,9.99,True,22,8.49,223856257.0,118.1,False,38.8,跟踪·仅价格缺口,单季口径|正式财报|跳空高开|缺口未回补|跟踪,,
000628,高新发展,主板,房屋建设Ⅱ,2026-08-24,正式财报,2026年半年报,-27.11,单季同比,-35.8,8.69,0,46746202.0,2026-08-24,3.29,5.31,True,27,15.48,1330483091.0,104.0,False,38.5,跟踪·仅价格缺口,单季口径|正式财报|跳空高开|缺口未回补|跟踪,,
600359,新农开发,主板,种植业,2026-08-27,正式财报,2026年半年报,-1.93,累计同比,-23.67,21.74,0,-3785466.41,2026-08-27,7.22,10.01,True,24,1.65,182766853.0,28.2,False,37.6,核心池·双断层,增速加速|正式财报|跳空高开|缺口未回补|核心池,流通市值 < 30 亿元,
300523,辰安科技,创业板,IT服务Ⅱ,2026-08-29,正式财报,2026年半年报,19.94,累计同比,12.33,7.61,0,-29220710.729999997,2026-08-31,4.84,3.83,True,22,11.58,153545993.0,54.0,False,36.8,跟踪·仅价格缺口,正式财报|跳空高开|缺口未回补|跟踪,,
603269,海鸥股份,主板,通用设备,2026-08-28,正式财报,2026年半年报,6.2,单季同比,18.26,-12.06,0,16923959.100000005,2026-08-28,4.17,10.02,True,23,10.29,341607946.0,100.0,False,36.7,跟踪·仅价格缺口,单季口径|正式财报|跳空高开|缺口未回补|跟踪,,
600551,时代出版,主板,出版,2026-08-28,正式财报,2026年半年报,1.2,单季同比,-14.86,16.06,0,151168594.1,2026-08-28,5.13,9.97,True,23,11.3,138324673.0,54.1,False,36.4,跟踪·仅价格缺口,单季口径|正式财报|跳空高开|缺口未回补|跟踪,,
300816,艾可蓝,创业板,汽车零部件,2026-08-26,正式财报,2026年半年报,-24.93,单季同比,7.11,-32.04,0,19310390.919999998,2026-08-26,2.81,11.18,True,25,8.48,597746146.0,34.1,False,36.2,跟踪·仅价格缺口,单季口径|正式财报|跳空高开|缺口未回补|跟踪,,
002863,今飞凯达,主板,汽车零部件,2026-08-15,正式财报,2026年半年报,0.98,单季同比,15.95,-14.97,0,20151563.470000003,2026-08-17,7.27,9.91,True,32,-2.26,215558164.0,28.5,False,35.6,跟踪·仅价格缺口,单季口径|正式财报|跳空高开|缺口未回补|跟踪,流通市值 < 30 亿元,
601169,北京银行,主板,银行Ⅱ,2026-08-29,正式财报,2026年半年报,5.7,单季同比,5.55,0.15,0,7802000000.0,2026-08-31,2.16,5.11,True,22,7.12,3143131155.0,1177.7,False,35.4,跟踪·仅价格缺口,单季口径|正式财报|跳空高开|缺口未回补|跟踪,,
603587,地素时尚,主板,服装家纺,2026-08-28,正式财报,2026年半年报,24.5,单季同比,21.84,2.66,2,108980644.71,2026-08-28,4.72,5.75,True,23,1.8,91124697.0,58.8,False,35.1,跟踪·仅价格缺口,单季口径|正式财报|跳空高开|缺口未回补|跟踪,,
688225,亚信安全,科创板,软件开发,2026-08-25,正式财报,2026年半年报,28.31,累计同比,18.11,10.2,0,-69129572.41,2026-08-26,3.91,0.67,True,25,25.6,47868938.0,62.8,False,33.8,跟踪·仅价格缺口,正式财报|跳空高开|缺口未回补|跟踪,,
603855,华荣股份,主板,专用设备,2026-08-27,正式财报,2026年半年报,13.1,单季同比,-18.72,31.82,0,92472574.56000002,2026-08-27,2.25,1.75,True,24,2.75,47364276.0,56.4,False,31.5,核心池·双断层,增速加速|单季口径|正式财报|跳空高开|缺口未回补|核心池,,
603889,新澳股份,主板,纺织制造,2026-08-26,正式财报,2026年半年报,21.2,单季同比,18.62,2.58,1,205340978.74,2026-08-26,2.1,5.07,True,25,3.6,211884730.0,57.0,False,31.4,跟踪·仅价格缺口,单季口径|正式财报|跳空高开|缺口未回补|跟踪,,
603408,建霖家居,主板,家居用品,2026-08-22,正式财报,2026年半年报,-2.84,单季同比,-23.56,20.72,0,111600565.63,2026-08-24,3.01,4.66,True,27,9.34,91051965.0,51.9,False,31.3,核心池·双断层,增速加速|单季口径|正式财报|跳空高开|缺口未回补|核心池,,
601038,一拖股份,主板,专用设备,2026-08-26,正式财报,2026年半年报,-8.25,单季同比,6.23,-14.48,0,219775624.88,2026-08-26,2.07,9.98,True,25,3.08,289921066.0,100.3,False,30.4,跟踪·仅价格缺口,单季口径|正式财报|跳空高开|缺口未回补|跟踪,,
002985,北摩高科,主板,航空装备Ⅱ,2026-08-26,正式财报,2026年半年报,22.54,单季同比,24.98,-2.44,3,33307631.86999999,2026-08-26,2.11,2.43,True,25,0.23,148289833.0,86.6,False,29.9,跟踪·仅价格缺口,单季口径|正式财报|跳空高开|缺口未回补|跟踪,,
300226,上海钢联,创业板,软件开发,2026-08-22,正式财报,2026年半年报,7.58,单季同比,2.21,5.37,0,71631233.5,2026-08-24,2.03,2.16,True,27,3.99,151381370.0,61.4,False,29.0,跟踪·仅价格缺口,单季口径|正式财报|跳空高开|缺口未回补|跟踪,,
600785,新华百货,主板,一般零售,2026-08-21,正式财报,2026年半年报,-40.91,单季同比,-18.7,-22.21,0,3547130.650000006,2026-08-21,10.06,10.06,True,28,9.34,49663325.0,33.6,True,29.0,跟踪·仅价格缺口,单季口径|正式财报|低基数|跳空高开|缺口未回补|跟踪,低基数：上年同期单季净利仅 600 万元，增速参考性弱|接近一字板，恐难买入,
603580,艾艾精工,主板,塑料,2026-08-18,正式财报,2026年半年报,-23.33,单季同比,-48.43,25.1,0,2878893.68,2026-08-18,3.01,10.0,True,31,21.68,476193656.0,95.3,True,27.6,观察池·低基数断层,增速加速|单季口径|正式财报|低基数|跳空高开|缺口未回补|双断层(价格已确认)|观察池,低基数：上年同期单季净利仅 375 万元，增速参考性弱,
